[
  {
    "lat" : 40.74191,
    "long" : -74.00479
  },
  {
    "lat" : 40.74166,
    "long" : -74.00497
  },
  {
    "lat" : 40.74219,
    "long" : -74.00622
  },
  {
    "lat" : 40.74282,
    "long" : -74.00772
  },
  {
    "lat" : 40.74314,
    "long" : -74.00846
  },
  {
    "lat" : 40.74317,
    "long" : -74.00854
  },
  {
    "lat" : 40.74336,
    "long" : -74.00851
  },
  {
    "lat" : 40.74396,
    "long" : -74.00839
  },
  {
    "lat" : 40.74468,
    "long" : -74.00827
  },
  {
    "lat" : 40.74610,
    "long" : -74.00799
  },
  {
    "lat" : 40.74750,
    "long" : -74.00773
  },
  {
    "lat" : 40.74819,
    "long" : -74.00764
  },
  {
    "lat" : 40.74847,
    "long" : -74.00764
  },
  {
    "lat" : 40.74869,
    "long" : -74.00769
  },
  {
    "lat" : 40.74901,
    "long" : -74.00780
  },
  {
    "lat" : 40.74950,
    "long" : -74.00807
  },
  {
    "lat" : 40.74970,
    "long" : -74.00817
  },
  {
    "lat" : 40.74991,
    "long" : -74.00824
  },
  {
    "lat" : 40.75024,
    "long" : -74.00831
  },
  {
    "lat" : 40.75034,
    "long" : -74.00831
  },
  {
    "lat" : 40.75066,
    "long" : -74.00825
  },
  {
    "lat" : 40.75159,
    "long" : -74.00787
  },
  {
    "lat" : 40.75240,
    "long" : -74.00758
  },
  {
    "lat" : 40.75353,
    "long" : -74.00715
  },
  {
    "lat" : 40.75395,
    "long" : -74.00697
  },
  {
    "lat" : 40.75425,
    "long" : -74.00679
  },
  {
    "lat" : 40.75446,
    "long" : -74.00662
  },
  {
    "lat" : 40.75630,
    "long" : -74.00529
  },
  {
    "lat" : 40.75697,
    "long" : -74.00480
  },
  {
    "lat" : 40.75790,
    "long" : -74.00412
  },
  {
    "lat" : 40.75926,
    "long" : -74.00315
  },
  {
    "lat" : 40.76051,
    "long" : -74.00225
  },
  {
    "lat" : 40.76073,
    "long" : -74.00206
  },
  {
    "lat" : 40.75969,
    "long" : -73.99960
  },
  {
    "lat" : 40.75944,
    "long" : -73.99906
  },
  {
    "lat" : 40.75934,
    "long" : -73.99883
  },
  {
    "lat" : 40.75926,
    "long" : -73.99871
  },
  {
    "lat" : 40.75922,
    "long" : -73.99865
  },
  {
    "lat" : 40.75917,
    "long" : -73.99853
  },
  {
    "lat" : 40.75897,
    "long" : -73.99806
  },
  {
    "lat" : 40.75891,
    "long" : -73.99800
  },
  {
    "lat" : 40.75885,
    "long" : -73.99801
  },
  {
    "lat" : 40.75878,
    "long" : -73.99811
  },
  {
    "lat" : 40.75877,
    "long" : -73.99835
  },
  {
    "lat" : 40.75893,
    "long" : -73.99947
  },
  {
    "lat" : 40.75957,
    "long" : -74.00096
  },
  {
    "lat" : 40.76037,
    "long" : -74.00287
  },
  {
    "lat" : 40.76069,
    "long" : -74.00365
  },
  {
    "lat" : 40.76087,
    "long" : -74.00407
  },
  {
    "lat" : 40.76499,
    "long" : -74.01390
  },
  {
    "lat" : 40.76721,
    "long" : -74.01914
  },
  {
    "lat" : 40.76743,
    "long" : -74.01983
  },
  {
    "lat" : 40.76754,
    "long" : -74.02041
  },
  {
    "lat" : 40.76755,
    "long" : -74.02085
  },
  {
    "lat" : 40.76753,
    "long" : -74.02109
  },
  {
    "lat" : 40.76746,
    "long" : -74.02149
  },
  {
    "lat" : 40.76739,
    "long" : -74.02173
  },
  {
    "lat" : 40.76735,
    "long" : -74.02183
  },
  {
    "lat" : 40.76722,
    "long" : -74.02215
  },
  {
    "lat" : 40.76711,
    "long" : -74.02234
  },
  {
    "lat" : 40.76697,
    "long" : -74.02251
  },
  {
    "lat" : 40.76683,
    "long" : -74.02267
  },
  {
    "lat" : 40.76646,
    "long" : -74.02296
  },
  {
    "lat" : 40.76617,
    "long" : -74.02322
  },
  {
    "lat" : 40.76568,
    "long" : -74.02361
  },
  {
    "lat" : 40.76542,
    "long" : -74.02380
  },
  {
    "lat" : 40.76479,
    "long" : -74.02412
  },
  {
    "lat" : 40.76461,
    "long" : -74.02417
  },
  {
    "lat" : 40.76450,
    "long" : -74.02424
  },
  {
    "lat" : 40.76423,
    "long" : -74.02442
  },
  {
    "lat" : 40.76386,
    "long" : -74.02473
  },
  {
    "lat" : 40.76372,
    "long" : -74.02478
  },
  {
    "lat" : 40.76353,
    "long" : -74.02479
  },
  {
    "lat" : 40.76336,
    "long" : -74.02475
  },
  {
    "lat" : 40.76313,
    "long" : -74.02464
  },
  {
    "lat" : 40.76292,
    "long" : -74.02444
  },
  {
    "lat" : 40.76277,
    "long" : -74.02418
  },
  {
    "lat" : 40.76269,
    "long" : -74.02390
  },
  {
    "lat" : 40.76267,
    "long" : -74.02358
  },
  {
    "lat" : 40.76271,
    "long" : -74.02329
  },
  {
    "lat" : 40.76281,
    "long" : -74.02303
  },
  {
    "lat" : 40.76293,
    "long" : -74.02282
  },
  {
    "lat" : 40.76311,
    "long" : -74.02265
  },
  {
    "lat" : 40.76329,
    "long" : -74.02252
  },
  {
    "lat" : 40.76373,
    "long" : -74.02230
  },
  {
    "lat" : 40.76529,
    "long" : -74.02158
  },
  {
    "lat" : 40.76542,
    "long" : -74.02153
  },
  {
    "lat" : 40.76647,
    "long" : -74.02127
  },
  {
    "lat" : 40.76694,
    "long" : -74.02125
  },
  {
    "lat" : 40.76713,
    "long" : -74.02128
  },
  {
    "lat" : 40.76731,
    "long" : -74.02134
  },
  {
    "lat" : 40.76746,
    "long" : -74.02141
  },
  {
    "lat" : 40.76760,
    "long" : -74.02149
  },
  {
    "lat" : 40.76783,
    "long" : -74.02172
  },
  {
    "lat" : 40.76794,
    "long" : -74.02185
  },
  {
    "lat" : 40.76813,
    "long" : -74.02218
  },
  {
    "lat" : 40.76993,
    "long" : -74.02620
  },
  {
    "lat" : 40.77043,
    "long" : -74.02739
  },
  {
    "lat" : 40.77098,
    "long" : -74.02882
  },
  {
    "lat" : 40.77127,
    "long" : -74.02949
  },
  {
    "lat" : 40.77221,
    "long" : -74.03142
  },
  {
    "lat" : 40.77280,
    "long" : -74.03264
  },
  {
    "lat" : 40.77357,
    "long" : -74.03423
  },
  {
    "lat" : 40.77390,
    "long" : -74.03500
  },
  {
    "lat" : 40.77500,
    "long" : -74.03805
  },
  {
    "lat" : 40.77521,
    "long" : -74.03865
  },
  {
    "lat" : 40.77572,
    "long" : -74.04009
  },
  {
    "lat" : 40.77620,
    "long" : -74.04141
  },
  {
    "lat" : 40.77667,
    "long" : -74.04268
  },
  {
    "lat" : 40.77686,
    "long" : -74.04313
  },
  {
    "lat" : 40.77693,
    "long" : -74.04326
  },
  {
    "lat" : 40.77713,
    "long" : -74.04358
  },
  {
    "lat" : 40.77740,
    "long" : -74.04391
  },
  {
    "lat" : 40.77844,
    "long" : -74.04500
  },
  {
    "lat" : 40.77897,
    "long" : -74.04548
  },
  {
    "lat" : 40.77939,
    "long" : -74.04578
  },
  {
    "lat" : 40.77974,
    "long" : -74.04598
  },
  {
    "lat" : 40.77981,
    "long" : -74.04604
  },
  {
    "lat" : 40.77987,
    "long" : -74.04609
  },
  {
    "lat" : 40.77995,
    "long" : -74.04614
  },
  {
    "lat" : 40.78050,
    "long" : -74.04640
  },
  {
    "lat" : 40.78125,
    "long" : -74.04670
  },
  {
    "lat" : 40.78347,
    "long" : -74.04738
  },
  {
    "lat" : 40.78358,
    "long" : -74.04741
  },
  {
    "lat" : 40.78437,
    "long" : -74.04766
  },
  {
    "lat" : 40.78497,
    "long" : -74.04786
  },
  {
    "lat" : 40.78527,
    "long" : -74.04800
  },
  {
    "lat" : 40.78567,
    "long" : -74.04819
  },
  {
    "lat" : 40.78596,
    "long" : -74.04834
  },
  {
    "lat" : 40.78656,
    "long" : -74.04869
  },
  {
    "lat" : 40.78715,
    "long" : -74.04911
  },
  {
    "lat" : 40.78755,
    "long" : -74.04943
  },
  {
    "lat" : 40.78776,
    "long" : -74.04961
  },
  {
    "lat" : 40.78820,
    "long" : -74.05001
  },
  {
    "lat" : 40.78842,
    "long" : -74.05023
  },
  {
    "lat" : 40.78879,
    "long" : -74.05062
  },
  {
    "lat" : 40.78945,
    "long" : -74.05144
  },
  {
    "lat" : 40.79014,
    "long" : -74.05240
  },
  {
    "lat" : 40.79171,
    "long" : -74.05462
  },
  {
    "lat" : 40.79195,
    "long" : -74.05489
  },
  {
    "lat" : 40.79249,
    "long" : -74.05567
  },
  {
    "lat" : 40.79396,
    "long" : -74.05775
  },
  {
    "lat" : 40.79434,
    "long" : -74.05830
  },
  {
    "lat" : 40.79661,
    "long" : -74.06144
  },
  {
    "lat" : 40.79835,
    "long" : -74.06383
  },
  {
    "lat" : 40.79914,
    "long" : -74.06488
  },
  {
    "lat" : 40.79977,
    "long" : -74.06574
  },
  {
    "lat" : 40.80087,
    "long" : -74.06725
  },
  {
    "lat" : 40.80160,
    "long" : -74.06829
  },
  {
    "lat" : 40.80301,
    "long" : -74.07019
  },
  {
    "lat" : 40.80363,
    "long" : -74.07102
  },
  {
    "lat" : 40.80416,
    "long" : -74.07178
  },
  {
    "lat" : 40.80427,
    "long" : -74.07180
  },
  {
    "lat" : 40.80434,
    "long" : -74.07186
  },
  {
    "lat" : 40.80463,
    "long" : -74.07209
  },
  {
    "lat" : 40.80483,
    "long" : -74.07221
  },
  {
    "lat" : 40.80518,
    "long" : -74.07235
  },
  {
    "lat" : 40.80544,
    "long" : -74.07240
  },
  {
    "lat" : 40.80581,
    "long" : -74.07242
  },
  {
    "lat" : 40.80784,
    "long" : -74.07253
  },
  {
    "lat" : 40.80817,
    "long" : -74.07251
  },
  {
    "lat" : 40.80852,
    "long" : -74.07246
  },
  {
    "lat" : 40.80885,
    "long" : -74.07239
  },
  {
    "lat" : 40.80928,
    "long" : -74.07223
  },
  {
    "lat" : 40.81008,
    "long" : -74.07190
  },
  {
    "lat" : 40.81061,
    "long" : -74.07165
  },
  {
    "lat" : 40.81109,
    "long" : -74.07140
  },
  {
    "lat" : 40.81172,
    "long" : -74.07104
  },
  {
    "lat" : 40.81247,
    "long" : -74.07053
  },
  {
    "lat" : 40.81294,
    "long" : -74.07017
  },
  {
    "lat" : 40.81373,
    "long" : -74.06953
  },
  {
    "lat" : 40.81430,
    "long" : -74.06902
  },
  {
    "lat" : 40.81439,
    "long" : -74.06895
  },
  {
    "lat" : 40.81479,
    "long" : -74.06861
  },
  {
    "lat" : 40.81691,
    "long" : -74.06670
  },
  {
    "lat" : 40.81700,
    "long" : -74.06661
  },
  {
    "lat" : 40.81706,
    "long" : -74.06656
  },
  {
    "lat" : 40.81712,
    "long" : -74.06643
  },
  {
    "lat" : 40.81713,
    "long" : -74.06633
  },
  {
    "lat" : 40.81711,
    "long" : -74.06624
  },
  {
    "lat" : 40.81709,
    "long" : -74.06615
  },
  {
    "lat" : 40.81700,
    "long" : -74.06610
  },
  {
    "lat" : 40.81695,
    "long" : -74.06606
  },
  {
    "lat" : 40.81561,
    "long" : -74.06540
  },
  {
    "lat" : 40.81488,
    "long" : -74.06504
  },
  {
    "lat" : 40.81436,
    "long" : -74.06480
  },
  {
    "lat" : 40.81415,
    "long" : -74.06503
  },
  {
    "lat" : 40.81407,
    "long" : -74.06513
  },
  {
    "lat" : 40.81398,
    "long" : -74.06522
  },
  {
    "lat" : 40.81397,
    "long" : -74.06532
  },
  {
    "lat" : 40.81393,
    "long" : -74.06566
  },
  {
    "lat" : 40.81381,
    "long" : -74.06693
  },
  {
    "lat" : 40.81376,
    "long" : -74.06755
  },
  {
    "lat" : 40.81378,
    "long" : -74.06774
  },
  {
    "lat" : 40.81385,
    "long" : -74.06795
  },
  {
    "lat" : 40.81423,
    "long" : -74.06860
  },
  {
    "lat" : 40.81476,
    "long" : -74.06964
  },
  {
    "lat" : 40.81487,
    "long" : -74.06986
  },
  {
    "lat" : 40.81496,
    "long" : -74.07003
  },
  {
    "lat" : 40.81491,
    "long" : -74.07006
  },
  {
    "lat" : 40.81461,
    "long" : -74.07030
  },
  {
    "lat" : 40.81428,
    "long" : -74.07058
  },
  {
    "lat" : 40.81303,
    "long" : -74.07166
  },
  {
    "lat" : 40.81280,
    "long" : -74.07186
  },
  {
    "lat" : 40.81210,
    "long" : -74.07241
  }
]
